{"cameraMode":{"drawMode":0,"name":"Shaded","section":"Shading Mode"},"sceneLighting":false,"audioPlay":false,"sceneViewState":{"showFog":true,"showMaterialUpdate":false,"showSkybox":true,"showFlares":true,"showImageEffects":true,"showParticleSystems":true},"in2DMode":false,"pivot":{"x":99.99534606933594,"y":0.20035222172737122,"z":99.9979248046875},"rotation":{"x":0.045772917568683627,"y":0.9528961181640625,"z":-0.23622167110443116,"w":0.1846434772014618},"size":3.708970308303833,"orthographic":false}