{"cameraMode":{"drawMode":0,"name":"Shaded","section":"Shading Mode"},"sceneLighting":false,"audioPlay":false,"sceneViewState":{"showFog":true,"showMaterialUpdate":false,"showSkybox":true,"showFlares":true,"showImageEffects":true,"showParticleSystems":true},"in2DMode":false,"pivot":{"x":100.99117279052735,"y":0.9088995456695557,"z":100.9864501953125},"rotation":{"x":0.06710349768400192,"y":0.9319764971733093,"z":-0.2295525223016739,"w":0.27243831753730776},"size":4.161242961883545,"orthographic":false}