{"cameraMode":{"drawMode":0,"name":"Shaded","section":"Shading Mode"},"sceneLighting":false,"audioPlay":false,"sceneViewState":{"showFog":true,"showMaterialUpdate":false,"showSkybox":true,"showFlares":true,"showImageEffects":true,"showParticleSystems":true},"in2DMode":false,"pivot":{"x":0.2562851905822754,"y":6.003665447235107,"z":-0.05646514892578125},"rotation":{"x":0.13979372382164002,"y":0.0777406394481659,"z":0.011010200716555119,"w":-0.9870627522468567},"size":106.06584167480469,"orthographic":false}