{"cameraMode":{"drawMode":0,"name":"Shaded","section":"Shading Mode"},"sceneLighting":false,"audioPlay":false,"sceneViewState":{"showFog":true,"showMaterialUpdate":false,"showSkybox":true,"showFlares":true,"showImageEffects":true,"showParticleSystems":true},"in2DMode":false,"pivot":{"x":50.1778564453125,"y":0.8472083210945129,"z":48.810638427734378},"rotation":{"x":0.1419381946325302,"y":0.5326432585716248,"z":-0.09115765988826752,"w":0.8293581604957581},"size":4.049336910247803,"orthographic":false}