{"cameraMode":{"drawMode":0,"name":"Shaded","section":"Shading Mode"},"sceneLighting":false,"audioPlay":false,"sceneViewState":{"showFog":true,"showMaterialUpdate":false,"showSkybox":true,"showFlares":true,"showImageEffects":true,"showParticleSystems":true},"in2DMode":false,"pivot":{"x":-2.962664842605591,"y":-0.23223766684532166,"z":2.032322406768799},"rotation":{"x":0.0931561291217804,"y":0.861914336681366,"z":-0.1715802699327469,"w":0.46795931458473208},"size":10.092138290405274,"orthographic":false}